first_name,last_name,verein_team,lizenz,uci_id,fahrer_kategorie,birthday,email,mailing_list,approved,startnummer,transpondernummer,id
Frederik,Kerskes,"Alternative Cycling RV^2",WTB708746,10060387029,"Junioren U19","5. September 2004",Frederik.kerskes@gmx.de,Ja,Nein,111,111,56
Lukas,Walzer,"Alternative Cycling RV^2","WTB 761158",10120025053,"Junioren U19",,lukas.walzer.2005@gmail.com,Ja,Nein,112,112,115
Adrian,Zuger,"BIKE AID Development",WTB680404,10045724366,"Männer U23",,adrian@zuger.de,Nein,Nein,11,11,64
Anton,Lennemann,"BIKE AID Development","RLP 742749",10098487303,"Männer U23",,anton.lenni@hotmail.de,Ja,Nein,12,12,68
Arne,Burkhardt,"BIKE AID Development",WTB188771,10008914179,Amateur,,arnebu1@gmx.net,Ja,Nein,13,13,69
Christobal,Silva,"BIKE AID Development",BAD769681,10051359662,"Elite Amateure",,adrian@zuger.de,Nein,Nein,14,14,76
Luka,Zetzsche,"BIKE AID Development",WTB729254,10015127233,Amateur,,lukazetzsche@gmx.de,Ja,Nein,15,15,78
Patrick,Lechner,"BIKE AID Development","SAR 741320",10009396048,"Elite Amateure",,patrick.lechner@sigmasport.com,Ja,Nein,16,16,89
Benedikt,Willi,"Equipe Stuttgart-Vaihingen",WTB186027,10053687056,"Elite Amateure",,bene.willi@me.com,Ja,Ja,1,1,5
Paul,Baumann,"Equipe Stuttgart-Vaihingen","WTB 680338",10036308801,"Elite Amateure",,patobaum@gmx.de,Ja,Nein,2,2,35
Christopher,Bork,"Equipe Stuttgart-Vaihingen","WTB 750203",10036288387,"Elite Amateure",,chrisbork@live.de,Ja,Nein,3,3,36
Wilhelm,Buchmüller,"Equipe Stuttgart-Vaihingen","WTB 742030",10093873853,"Elite Amateure",,buch.willi@googlemail.com,Ja,Nein,6,6,37
Simon,Betz,"Equipe Stuttgart-Vaihingen","WTB 712266",10048349834,"Elite Amateure",,Simon.Betz93@web.de,Ja,Nein,4,4,38
Lukas,Kegel,"Equipe Stuttgart-Vaihingen","WTB 681426",10036332847,Amateur,,lukas.kegel@gmx.net,Ja,Nein,5,5,121
Jan,Tschernoster,"Fratelli Racing Team",,10010035238,Amateur,,timo.radler@t-online.de,Ja,Nein,21,21,39
Silas,Motzkus,"Fratelli Racing Team",,10060396628,"Elite Amateure",,timo.radler@t-online.de,Ja,Nein,22,22,40
Rene,Rossi,"Fratelli Racing Team",,10015174925,"Elite Amateure",,timo.radler@t-online.de,Ja,Nein,23,23,41
"Francisco Miguel",Albert,"Fratelli Racing Team",,10099334246,Amateur,,timo.radler@t-online.de,Ja,Nein,24,24,42
Lorenz,Bock,"Fratelli Racing Team",,10112991745,Amateur,,timo.radler@t-online.de,Ja,Nein,25,25,43
Dennis,Vogt,"Fratelli Racing Team",,10008947424,"Elite Amateure",,timo.radler@t-online.de,Ja,Nein,26,26,44
"Malcom Lee",Otto,"Hofbräu Radler",718164,10059611837,"Jugend männlich U17",,thom@advanced.tech,Ja,Nein,201,201,103
Jonathan,Rinner,"Hofbräu Radler",SUI,10088029403,"Jugend männlich U17",,oliver.rinner@biognosys.com,Ja,Nein,202,202,104
Fabrice,Gremmer,"Hofbräu Radler",,10048397829,"Jugend männlich U17",,Ralf.gremmer@web.de,Ja,Nein,203,203,105
Jonas,Kress,"Hofbräu Radler",,10073086753,"Jugend männlich U17",,Oliver.rinner@biognosys.com,Ja,Nein,204,204,113
Victor,Wedekind,"Landesverband Thüringen","THÜ 713112",10048495940,"Jugend männlich U17",,geraldmortag@gmx.de,Ja,Nein,211,211,84
Moritz,Groch,"Landesverband Thüringen","THÜ 177405",10036432327,"Jugend männlich U17",,geraldmortag@gmx.de,Ja,Nein,212,212,85
Elias,Morgenstern,"Landesverband Thüringen","THÜ 761856",10102525950,"Jugend männlich U17",,geraldmortag@gmx.de,Ja,Nein,213,213,86
Enzo,Wiencek,"Landesverband Thüringen","THÜ 702110",10045783273,"Jugend männlich U17",,geraldmortag@gmx.de,Ja,Nein,214,214,87
Tobias,Baur,"MRSC Ottenbach","WTB 751364",10105800914,"Elite Amateure",,baur.tobias@outlook.com,Ja,Nein,31,31,45
Christian,Grupp,"MRSC Ottenbach","WTB 187039",10102518472,Amateur,,chrisgrupp84@gmail.com,Ja,Nein,32,32,46
Alexander,Kurrle,"MRSC Ottenbach","WTB 716018",10054420519,"Elite Amateure",,alexkurrle@t-online.de,Ja,Nein,33,33,47
Philipp,Petzold,"MRSC Ottenbach","WTB 187977",10013621107,Amateur,,filibpetz@web.de,Ja,Nein,34,34,48
Axel,Schäfer,"MRSC Ottenbach","WTB 189572",10048360241,"Elite Amateure",,axelschaefer.89@googlemail.com,Ja,Nein,35,35,49
Robin,Weber,"MRSC Ottenbach","WTB 738096",10090987091,Amateur,,robin.web@protonmail.com,Ja,Nein,36,36,50
Marcel,Fischer,"Racing Students BL Team",BAD042253,10005382773,"Elite Amateure",,fischer@racing-students.de,Ja,Nein,41,41,70
Jonas,Tenbruck,"Racing Students BL Team","WTB 186199",10013401542,"Elite Amateure",,jonas.tenbruck@googlemail.com,Ja,Nein,42,42,71
Florian,Tenbruck,"Racing Students BL Team","WTB 186200",10012788523,"Elite Amateure",,f.tenbruck@racing-students.de,Ja,Nein,43,43,72
Jakob,Heni,"Racing Students BL Team","WTB 189420",10013411242,"Elite Amateure",,j.heni@gmx.de,Ja,Nein,44,44,73
Marc,Wunderlich,"Racing Students BL Team",WTB114082,10010739803,"Elite Amateure",,marc.wunderbar@gmail.com,Ja,Nein,45,45,74
Fabian,Genuit,"Racing Students BL Team",RLP115573,10013952523,"Elite Amateure",,fabian7986@gmx.net,Ja,Nein,46,46,116
Peter,Clauß,"Rad-Union 1913 Wangen im Allgäu e.V.",WTP132759,10056141055,"Elite Amateure",,pe.clauss@web.de,Ja,Nein,51,51,15
Oliver,Mattheis,"Rad-Union 1913 Wangen im Allgäu e.V.",Wtb520109,10009177800,"Elite Amateure",,Oliver@mattheis.at,Ja,Nein,52,52,17
Marco,Barke,"Rad-Union 1913 Wangen im Allgäu e.V.","WTB 189736",10013649904,"Elite Amateure",,marco-barke@web.de,Ja,Nein,53,53,19
Levi,Meßmer,"Rad-Union 1913 Wangen im Allgäu e.V.","WTB 714755",10059079044,"Männer U23",,levi.messmerle@gmail.com,Ja,Nein,54,54,20
Lukas,Maurer,"Rad-Union 1913 Wangen im Allgäu e.V.",WTB767626,10128086258,"Elite Amateure",,Lukas__Maurer@outlook.de,Ja,Nein,55,55,21
Elias,Entrich,"Rad-Union 1913 Wangen im Allgäu e.V.",WTB763385,10015296678,"Elite Amateure",,eli.entrich@gmail.com,Nein,Nein,56,56,79
Molly,Savine,"Radsport Baden-Württemberg (RBW) U17w","WTB  719299",10063662393,"Jugend weiblich U17",,eckart.blau@frame-one.de,Ja,Nein,171,171,51
Julia,Servay,"Radsport Baden-Württemberg (RBW) U17w","WTB  705193",10056143883,"Jugend weiblich U17",,eckart.blau@frame-one.de,Nein,Nein,172,172,52
Noemi,Böttcher,"Radsport Baden-Württemberg (RBW) U17w","BAD 746714",10100522700,"Jugend weiblich U17",,eckart.blau@frame-one.de,Ja,Nein,173,173,53
Leni,Bauer,"Radsport Baden-Württemberg (RBW) U17w","WTB  745495",10097835901,"Jugend weiblich U17",,eckart.blau@frame-one.de,Ja,Nein,174,174,54
Iris,Bächle,"Regionalauswahl Team Albstadtwerke-Belenus-Interstuhl","WTB 728154",10076664235,"UCI-Sportgruppen Frauen und Frauen Elite",,ulrich.bock@ls-albstadt.de,Ja,Nein,141,141,91
Lisa,Wiessler,"Regionalauswahl Team Albstadtwerke-Belenus-Interstuhl",BAD703791,10056540270,"UCI-Sportgruppen Frauen und Frauen Elite",,ulrich.bock@ls-albstadt.de,Ja,Nein,142,142,92
Julia,Leye,"Regionalauswahl Team Albstadtwerke-Belenus-Interstuhl",WTB701494,10054419105,"UCI-Sportgruppen Frauen und Frauen Elite",,ulrich.bock@ls-albstadt.de,Ja,Nein,143,143,93
Maike,Dernbach,"Regionalauswahl Team Albstadtwerke-Belenus-Interstuhl",WTB717732,10056135904,"UCI-Sportgruppen Frauen und Frauen Elite",,ulrich.bock@ls-albstadt.de,Ja,Nein,144,144,94
Nina,Hafner,"Regionalauswahl Team Albstadtwerke-Belenus-Interstuhl",WTB757404,10112920815,"Juniorinnen U19",,ulrich.bock@ls-albstadt.de,Ja,Nein,145,145,95
Jasmin,Corso,"Regionalauswahl Team Albstadtwerke-Belenus-Interstuhl",,10036516844,"UCI-Sportgruppen Frauen und Frauen Elite",,jasmincorso@googlemail.com,Ja,Nein,146,146,125
Nanja,Emde,"Regionalauswahl Team Albstadtwerke-Belenus-Interstuhl",,10079711348,"UCI-Sportgruppen Frauen und Frauen Elite",,ulrich.bock@ls-albstadt.de,Nein,Nein,147,148,128
Andreas,Mayr,"RSC AUTO BROSCH Kempten","BAY 183795",10005819576,"Elite Amateure",,Sports@mayrmail.de,Ja,Nein,61,61,6
Dario,Rapps,"RSC AUTO BROSCH Kempten","BAY 29550",10008721088,"Elite Amateure",,dario.rapps@gmx.de,Ja,Nein,62,62,7
Steffen,Greger,"RSC AUTO BROSCH Kempten","BAY 182191",10049042170,"Elite Amateure",,steffen.greger@gmx.de,Ja,Nein,63,63,8
Tim,Schlichenmaier,"RSC AUTO BROSCH Kempten","BAY 713676",10006669035,"Elite Amateure",,tim_Schlichenmaier@web.de,Ja,Nein,64,64,9
Jonas,Schmeiser,"RSC AUTO BROSCH Kempten","BAY 025725-11",10005895762,"Elite Amateure",,schmeiser.jonas@gmail.com,Ja,Nein,65,65,10
Michael,Wasserab,"RSC AUTO BROSCH Kempten","BAY 520120",10036380337,"Elite Amateure",,mwasserrab@gmail.com,Ja,Nein,66,66,11
Valeria,Rechenauer,"RSV Stuttgart-Vaihingen 1901 Frauen",,10119155184,"UCI-Sportgruppen Frauen und Frauen Elite",,valeria.rechenauer@gmx.de,Ja,Nein,151,151,12
Lisa,Lorenz,"RSV Stuttgart-Vaihingen 1901 Frauen",WTB766445,10127499006,"UCI-Sportgruppen Frauen und Frauen Elite",,lisa-lorenz@web.de,Ja,Nein,152,152,14
Julia,Anders,"RSV Stuttgart-Vaihingen 1901 Frauen","WTB 744155",10095718772,"UCI-Sportgruppen Frauen und Frauen Elite",,julia-anders@hotmail.de,Ja,Nein,153,153,16
Carolin,Dietmann,"RSV Stuttgart-Vaihingen 1901 Frauen",WTB756883,10001668683,"UCI-Sportgruppen Frauen und Frauen Elite",,carolin.dietmann@gmx.de,Ja,Nein,154,154,28
Jana,Sutter,"RSV Stuttgart-Vaihingen 1901 Frauen",WTB718650,10060873746,"UCI-Sportgruppen Frauen und Frauen Elite",,Jana.sutter@icloud.com,Ja,Nein,155,155,75
Lucia,Flores,"RSV Stuttgart-Vaihingen 1901 Frauen",771087,20019881031,"UCI-Sportgruppen Frauen und Frauen Elite",,Lucia.Flores@gmx.de,Ja,Nein,156,156,90
Sabrina,Schwarzer,"RSV Stuttgart-Vaihingen 1901 Frauen",WTB767055,10127282572,"UCI-Sportgruppen Frauen und Frauen Elite",,schwarzer_sabrina@web.de,Ja,Nein,157,157,106
Elisabeth,Egerter,"RSV Stuttgart-Vaihingen 1901 Frauen",BAD767764,10126281149,"UCI-Sportgruppen Frauen und Frauen Elite",,elisabeth.egerter@freenet.de,Ja,Nein,158,158,122
Lennart,Frie,"RSV Stuttgart-Vaihingen 1901 Männer",WTB602284,10048558584,"Elite Amateure",,lennartfrie@web.de,Nein,Nein,71,71,107
Michael,Steybe,"RSV Stuttgart-Vaihingen 1901 Männer","WTB 706935",10036293340,Amateur,,michael-steybe@t-online.de,Ja,Nein,72,72,108
Jack,Morrissey,"RSV Stuttgart-Vaihingen 1901 Männer",,10129510845,"Männer U23",,jack.morrissey@gmx.de,Ja,Nein,74,74,110
Carsten,Hasemeyer,"RSV Stuttgart-Vaihingen 1901 Männer","WTB 725254",10036336281,Amateur,,hasemeyer@hotmail.de,Ja,Nein,75,77,111
Oliver,Wagner,"RSV Stuttgart-Vaihingen 1901 Männer",WTB765513,10127500218,"Elite Amateure",,Oliverwagner1@web.de,Ja,Nein,73,73,119
Markus,Blume,"RSV Stuttgart-Vaihingen 1901 Männer","WTB 763227",10123098741,"Elite Amateure",,markus-blume@freenet.de,Ja,Nein,76,76,124
Jonas,Hablitzel,"RV Pfeil Magstadt e.V.","WTB 680034",10013277866,"Elite Amateure",,jonas.hablitzel@gmx.de,Ja,Nein,81,81,97
Marco,Peluso,"RV Pfeil Magstadt e.V.","WTB 768372",10011909459,"Elite Amateure",,peluso-marco@t-online.de,Ja,Nein,82,82,98
Christian,Raab,"RV Pfeil Magstadt e.V.","WTB 767164",10127499814,"Elite Amateure",,christian.raab@gr-z.de,Ja,Nein,83,83,99
Fabian,Rohrmoser,"RV Pfeil Magstadt e.V.","WTB 737840",10086790631,"Männer U23",,fausto.coppi@t-online.de,Ja,Nein,84,84,100
Fabian,Pfitzner,"RV Pfeil Magstadt e.V.","WTB 757017",10116125855,"Männer U23",,pfitznerfabian1@gmail.com,Ja,Nein,85,85,101
Maximilian,Vetter,"RV Pfeil Magstadt e.V.","WTB 754539",10108461239,Amateur,,maxi_98@t-online.de,Ja,Nein,86,86,102
"Dara Bran",Knaack,"Team ALB EXTREM Ottenbach","BAD 169061",10090970119,"Junioren U19",,darabrank@gmail.com,Ja,Nein,121,121,29
Moritz,Eisele,"Team ALB EXTREM Ottenbach","WTB 744784",10097006347,"Junioren U19",,moritzeisele1@gmail.com,Ja,Nein,122,122,30
Felix,Locherer,"Team ALB EXTREM Ottenbach","WTB 763027",10126665614,"Junioren U19",,felixlocherer@gmx.de,Ja,Nein,123,123,31
Manuel,Schaaf,"Team ALB EXTREM Ottenbach","BAD 164456",10049153217,"Junioren U19",,schaafm7@gmail.com,Ja,Nein,124,124,32
Isabella,Hornig,"Team Besenwagen","BAY 766525",10124379747,"Rad-Bundesliga Frauen",,isabella.hornig@hotmail.de,Ja,Nein,161,161,26
Nina,Schmidt,"Team Besenwagen","HES 755619",10109987977,"Rad-Bundesliga Frauen","13. Dezember 1999",schmidt.nina.99@web.de,Ja,Nein,162,162,27
Luisa,Wallis,"Team Besenwagen","NRW 762194",10123258890,"Rad-Bundesliga Frauen",,luisa.wallis@gmx.net,Nein,Nein,163,163,33
Pia,Kummer,"Team Besenwagen",WTB758412,10115425233,"Rad-Bundesliga Frauen",,Pia-kummer@t-online.de,Ja,Nein,164,164,34
Antje,Thamm,"Team Besenwagen",BAD730065,10014171983,"UCI-Sportgruppen Frauen und Frauen Elite",,antjetha@gmail.com,Ja,Nein,165,165,96
Sandra,Geyer,"Team Besenwagen","WTB 761558",10120471455,"Rad-Bundesliga Frauen",,mailansandra@mein.gmx,Ja,Nein,166,166,114
Nathan,Müller,"Team Maisch Sportswear-RSG Heilbronn",WTB189372,10008915189,"Elite Amateure",,nathan-dtw@web.de,Ja,Nein,91,91,80
Moritz,Henninger,"Team Maisch Sportswear-RSG Heilbronn","WTB 681910",10045718306,"Elite Amateure",,moritz.henni@gmail.com,Ja,Nein,92,92,81
Robin,Blatt,"Team Maisch Sportswear-RSG Heilbronn",RLP116598,10051085032,"Elite Amateure",,team.sigloch@web.de,Ja,Nein,93,93,82
Nils,Schwendemann,"Team Maisch Sportswear-RSG Heilbronn","wtb 701552",10053680083,"Elite Amateure",,team.sigloch@web.de,Ja,Nein,94,94,83
Manuel,Henninger,"Team Maisch Sportswear-RSG Heilbronn","WTB 681911",10015766423,"Elite Amateure",,Manuel.Henninger@web.de,Ja,Nein,95,95,88
Patrick,Keicher,"Team Maisch Sportswear-RSG Heilbronn","WTB 755861",10114362475,"Elite Amateure","4. Oktober 1996",patkeicher@web.de,Ja,Nein,96,96,112
Nino,Häberlen,"The Race Days Stuttgart Auswahlteam",WTB725596,10075496801,Amateur,,nino@haeberlen-online.de,Ja,Nein,101,101,117
Patrick,Grasl,"The Race Days Stuttgart Auswahlteam",,10010610164,"Elite Amateure","24. Dezember 1997",patrick.grasl@gmx.at,Ja,Nein,102,102,118
Paul,Schudde,"The Race Days Stuttgart Auswahlteam",,10115479591,Amateur,,paul@schudde.com,Ja,Nein,104,104,120
Andreas,Schönle,"The Race Days Stuttgart Auswahlteam",WTB762815,10123261722,Amateur,,andreas.schoenle@gmail.com,Ja,Nein,105,105,123
Jonah,Dollinger,"The Race Days Stuttgart Auswahlteam",WTB766361,10128085450,"Männer U23",,jonah.dollinger@gmx.de,Ja,Nein,103,103,126
Max-Robert,Salzer,"The Race Days Stuttgart Auswahlteam","WTB 769747",10129192967,"Elite Amateure",,salzer.m.r@gmail.com,Ja,Nein,106,106,127
Lukas,Ullrich,"TURA Untermünkheim",wtb763891,10124012359,"Jugend männlich U17","4. Juni 2007",kristian_krueger@t-online.de,Ja,Nein,221,221,63
Awe,Niklas,"TURA Untermünkheim",WTB738748,10088123167,"Jugend männlich U17","7. Juli 2006",awe.niklas@gmail.com,Ja,Nein,222,222,65
Jakob,Breuninger,"TURA Untermünkheim",WTB763995,10124008117,"Jugend männlich U17",,j.j.b.2006@gmx.de,Ja,Nein,223,223,66
Jakob,Öhrlein,"TURA Untermünkheim",WTB737332,10090154814,"Jugend männlich U17","10. Februar 2007",jakob.oe@magenta.de,Ja,Nein,224,224,67
Florian,Mast,"WRSV U17 männlich",wtb753222,10106036340,"Jugend männlich U17","9. September 2006",kristian_krueger@t-online.de,Ja,Nein,241,241,59
Sven,Haase,"WRSV U17 männlich",wtb745019,10097517215,"Jugend männlich U17","8. Februar 2007",kristian_krueger@t-online.de,Ja,Nein,242,242,60
Pius,Kühnle,"WRSV U17 männlich",WTB738188,10089044768,"Jugend männlich U17","5. Juli 2007",kristian_krueger@t-online.de,Ja,Nein,243,243,61
Samuel,Schulz,"WRSV U17 männlich",WTB735367,10090983960,"Jugend männlich U17","8. August 2006",kristian_krueger@t-online.de,Ja,Nein,244,244,62
Ferdinand,Hübner,"WRSV U19 männlich",WTB79131,10063115860,"Rad-Bundesliga Junioren U19","23. Juni 2005",Kristian_Krueger@t-online.de,Ja,Nein,131,131,55
"Fausto Valentin",Penna,"WRSV U19 männlich",WTB743549,10094636921,"Rad-Bundesliga Junioren U19","14. Februar 2004",Kristian_Krueger@t-online.de,Ja,Nein,132,132,57
"Tjark Ole",Krüger,"WRSV U19 männlich",WTB761456,10036314861,"Rad-Bundesliga Junioren U19","18. Mai 2004",krugertjark@gmail.com,Ja,Nein,133,133,58
Jonathan,Frasch,"WRSV U19 männlich",WTB702014,10045746392,"Rad-Bundesliga Junioren U19","3. Mai 2005",kristian_krueger@t-online.de,Ja,Nein,134,134,77
